devnulled;2678;1;1.0
brntbeer;34;3;3;2;7;10;4;2;11;5;3;28;6;12;2;6;30;3;5;14;2;11;8;3;13;3;4;3;3;8;20;5;11;3;7;10;12;8;3;3;2;5;32;36;5;12;2239;437;0.13958810068649885
barrbrain;2671;1;1.0
virtualandy;11;17;127;2513;157;0.03184713375796178
pwaller;2657;1;1.0
bootstraponline;2657;1;1.0
anaisbetts;2642;1;1.0
jbaruch;2623;1;1.0
jordanmccullough;2;5;5;2;3;4;7;10;3;2;4;7;6;6;6;2;9;3;2;2;6;6;6;14;4;2;10;5;2;7;5;3;4;5;10;5;2;3;2;6;10;7;4;7;2;9;2;3;2;21;2218;333;0.35735735735735735
wfarr;2540;1;1.0
davelab6;2533;1;1.0
robinsloan;2531;1;1.0
johndbritton;35;2490;36;0.05555555555555555
randomecho;37;9;6;4;27;11;44;4;17;7;2;3;12;10;28;18;3;11;13;2242;269;0.08178438661710037
tlberglund;2510;1;1.0
karthik;2507;1;1.0
pborreli;2505;1;1.0
benbalter;19;19;18;99;2347;156;0.03205128205128205
acusti;2500;1;1.0
shayfrendt;2500;1;1.0
aalbagarcia;2;2499;3;0.6666666666666666
alysonla;2496;1;1.0
jroll;2490;1;1.0
devkmsg;2470;1;1.0
jasoncostello;2465;1;1.0
ben;2458;1;1.0
githubteacher;14;5;169;2270;189;0.021164021164021163
PeterBell;34;19;2400;54;0.05555555555555555
grdryn;2414;1;1.0
ndp;2352;1;1.0
danielribeiro;2307;1;1.0
afeld;6;2298;7;0.2857142857142857
mgriffin;2292;1;1.0
tekkub;2270;1;1.0
lornajane;2247;1;1.0
