login;commits;percentage
tobiasdiez;1059;6.894531249999999
mortenalver;1215;7.91015625
siedlerchr;1532;9.973958333333334
koppor;2122;13.815104166666666
