login;commits;percentage
arfon;365;6.221237429691494
pchaigno;377;6.42577126299642
tnm;404;6.8859723879325045
josh;658;11.215271859553434
